{"cameraMode":{"drawMode":0,"name":"Shaded","section":"Shading Mode"},"sceneLighting":true,"audioPlay":false,"sceneViewState":{"showFog":true,"showMaterialUpdate":true,"showSkybox":true,"showFlares":true,"showImageEffects":true,"showParticleSystems":true},"in2DMode":false,"pivot":{"x":7.948921203613281,"y":10.694137573242188,"z":12.787361145019532},"rotation":{"x":0.059185463935136798,"y":-0.9380021691322327,"z":0.27605319023132326,"w":0.2011062651872635},"size":79.19194793701172,"orthographic":false}